goal_id,goal_name,metric_name,reduction_percentage,baseline_count,target_count,reduction_count,baseline_cost_18m_inr,cost_type,potential_avoided_cost_18m_inr,quarterly_financial_impact_inr,annualized_financial_impact_inr,operational_controllability,tool_alignment
GOAL-A1,Repeat Contacts (Method A — Strict Issue Proxy),Method A repeat tickets (same customer + SKU + category <= 30d),10.0,1412.0,1270.8,141.2,367030.0,observed_contact_handling_cost,36703.0,6117.17,24468.67,High (Support Desk Operations),"Direct: intake repeat detection, diagnostic checklists, and handover notes directly address repeat signals while investigating premature closure hypotheses."
GOAL-A1,Repeat Contacts (Method A — Strict Issue Proxy),Method A repeat tickets (same customer + SKU + category <= 30d),20.0,1412.0,1129.6,282.4,367030.0,observed_contact_handling_cost,73406.0,12234.33,48937.33,High (Support Desk Operations),"Direct: intake repeat detection, diagnostic checklists, and handover notes directly address repeat signals while investigating premature closure hypotheses."
GOAL-A1,Repeat Contacts (Method A — Strict Issue Proxy),Method A repeat tickets (same customer + SKU + category <= 30d),30.0,1412.0,988.4,423.6,367030.0,observed_contact_handling_cost,110109.0,18351.5,73406.0,High (Support Desk Operations),"Direct: intake repeat detection, diagnostic checklists, and handover notes directly address repeat signals while investigating premature closure hypotheses."
GOAL-A2,Repeat Contacts (Method B — Product Proxy),Method B repeat tickets (same customer + SKU <= 30d),10.0,3270.0,2943.0,327.0,878120.0,observed_contact_handling_cost,87812.0,14635.33,58541.33,High (Support Desk Operations),Direct: captures cross-category escalation journeys where customers return under different tags for same device.
GOAL-A2,Repeat Contacts (Method B — Product Proxy),Method B repeat tickets (same customer + SKU <= 30d),20.0,3270.0,2616.0,654.0,878120.0,observed_contact_handling_cost,175624.0,29270.67,117082.67,High (Support Desk Operations),Direct: captures cross-category escalation journeys where customers return under different tags for same device.
GOAL-A2,Repeat Contacts (Method B — Product Proxy),Method B repeat tickets (same customer + SKU <= 30d),30.0,3270.0,2289.0,981.0,878120.0,observed_contact_handling_cost,263436.0,43906.0,175624.0,High (Support Desk Operations),Direct: captures cross-category escalation journeys where customers return under different tags for same device.
GOAL-B,First-Response SLA Breaches,First-response SLA breached tickets,10.0,1051.0,945.9,105.1,367850.0,policy_store_credit_penalty,36785.0,6130.83,24523.33,High (Workforce Scheduling & Queue Routing),"Moderate: tool provides queue backlog visibility in weekly digest, but real-time response depends on shift staffing."
GOAL-B,First-Response SLA Breaches,First-response SLA breached tickets,20.0,1051.0,840.8,210.2,367850.0,policy_store_credit_penalty,73570.0,12261.67,49046.67,High (Workforce Scheduling & Queue Routing),"Moderate: tool provides queue backlog visibility in weekly digest, but real-time response depends on shift staffing."
GOAL-B,First-Response SLA Breaches,First-response SLA breached tickets,30.0,1051.0,735.7,315.3,367850.0,policy_store_credit_penalty,110355.0,18392.5,73570.0,High (Workforce Scheduling & Queue Routing),"Moderate: tool provides queue backlog visibility in weekly digest, but real-time response depends on shift staffing."
GOAL-C,Internal Team Transfers,Total team-to-team ticket transfers,10.0,1169.0,1052.1,116.9,356545.0,benchmark_rehandling_cost,35654.5,5942.42,23769.67,Moderate (Intake Classification & Routing),"Moderate: intake classifier can route cases directly to specialist teams, reducing frontline re-hops."
GOAL-C,Internal Team Transfers,Total team-to-team ticket transfers,20.0,1169.0,935.2,233.8,356545.0,benchmark_rehandling_cost,71309.0,11884.83,47539.33,Moderate (Intake Classification & Routing),"Moderate: intake classifier can route cases directly to specialist teams, reducing frontline re-hops."
GOAL-C,Internal Team Transfers,Total team-to-team ticket transfers,30.0,1169.0,818.3,350.7,356545.0,benchmark_rehandling_cost,106963.5,17827.25,71309.0,Moderate (Intake Classification & Routing),"Moderate: intake classifier can route cases directly to specialist teams, reducing frontline re-hops."
GOAL-D1,Pulse 2 Defect Fulfillment Outflow,Pulse 2 support tickets and fulfillment outflow,5.0,3401.0,3230.9,170.1,2172861.0,fulfillment_outflow (refunds + replacements),108643.05,18107.17,72428.7,Low / Indirect (Hardware Engineering & Supplier),"Indirect: tool provides symptom telemetry and pairing guides, but physical manufacturing fixes lie outside support."
GOAL-D1,Pulse 2 Defect Fulfillment Outflow,Pulse 2 support tickets and fulfillment outflow,10.0,3401.0,3060.9,340.1,2172861.0,fulfillment_outflow (refunds + replacements),217286.1,36214.35,144857.4,Low / Indirect (Hardware Engineering & Supplier),"Indirect: tool provides symptom telemetry and pairing guides, but physical manufacturing fixes lie outside support."
GOAL-D1,Pulse 2 Defect Fulfillment Outflow,Pulse 2 support tickets and fulfillment outflow,20.0,3401.0,2720.8,680.2,2172861.0,fulfillment_outflow (refunds + replacements),434572.2,72428.7,289714.8,Low / Indirect (Hardware Engineering & Supplier),"Indirect: tool provides symptom telemetry and pairing guides, but physical manufacturing fixes lie outside support."
GOAL-D2,Nexa 2 Defect Fulfillment Outflow,Nexa 2 support tickets and fulfillment outflow,5.0,1253.0,1190.3,62.7,1695359.0,fulfillment_outflow (refunds + replacements),84767.95,14127.99,56511.97,Low / Indirect (Hardware Engineering & Supplier),"Indirect: tool classifies firmware vs hardware failure, but cannot fix hardware component defects alone."
GOAL-D2,Nexa 2 Defect Fulfillment Outflow,Nexa 2 support tickets and fulfillment outflow,10.0,1253.0,1127.7,125.3,1695359.0,fulfillment_outflow (refunds + replacements),169535.9,28255.98,113023.93,Low / Indirect (Hardware Engineering & Supplier),"Indirect: tool classifies firmware vs hardware failure, but cannot fix hardware component defects alone."
GOAL-D2,Nexa 2 Defect Fulfillment Outflow,Nexa 2 support tickets and fulfillment outflow,20.0,1253.0,1002.4,250.6,1695359.0,fulfillment_outflow (refunds + replacements),339071.8,56511.97,226047.87,Low / Indirect (Hardware Engineering & Supplier),"Indirect: tool classifies firmware vs hardware failure, but cannot fix hardware component defects alone."
GOAL-D3,Combined Flagship Defect Outflow (Pulse 2 & Nexa 2),Pulse 2 and Nexa 2 combined tickets and fulfillment outflow,5.0,4654.0,4421.3,232.7,3868220.0,fulfillment_outflow (refunds + replacements),193411.0,32235.17,128940.67,Low / Indirect (Cross-Functional),"Indirect: largest enterprise financial exposure, but support tool acts only as an intelligence feed to engineering."
GOAL-D3,Combined Flagship Defect Outflow (Pulse 2 & Nexa 2),Pulse 2 and Nexa 2 combined tickets and fulfillment outflow,10.0,4654.0,4188.6,465.4,3868220.0,fulfillment_outflow (refunds + replacements),386822.0,64470.33,257881.33,Low / Indirect (Cross-Functional),"Indirect: largest enterprise financial exposure, but support tool acts only as an intelligence feed to engineering."
GOAL-D3,Combined Flagship Defect Outflow (Pulse 2 & Nexa 2),Pulse 2 and Nexa 2 combined tickets and fulfillment outflow,20.0,4654.0,3723.2,930.8,3868220.0,fulfillment_outflow (refunds + replacements),773644.0,128940.67,515762.67,Low / Indirect (Cross-Functional),"Indirect: largest enterprise financial exposure, but support tool acts only as an intelligence feed to engineering."
