week,start_date,end_date,days_covered,is_complete_week,total_tickets,chat_tickets,email_tickets,voice_tickets,social_tickets,top_theme_1,top_theme_1_count,top_theme_2,top_theme_2_count,top_theme_3,top_theme_3_count,top_theme_4,top_theme_4_count,top_theme_5,top_theme_5_count,top_category_1,top_category_2,top_category_3,top_category_4,top_category_5,top_sku_1,top_sku_2,top_sku_3,top_sku_4,top_sku_5,repeat_method_a_count,repeat_method_a_rate_pct,repeat_method_b_count,repeat_method_b_rate_pct,repeat_contacts_count,repeat_contact_rate_pct,text_repeat_signals_count,text_repeat_signal_rate_pct,sla_breaches_count,sla_breach_rate_pct,refunds_count,refund_amount_inr,replacements_count,transfers_count,support_handling_cost_inr,sla_penalty_exposure_inr,refund_value_inr,replacement_cost_inr,transfer_benchmark_inr,total_measurable_cost_inr,is_spike_week,spike_heuristic_flag,spike_reason
2025-W01,2025-01-01,2025-01-05,5,False,47,21,13,9,4,bluetooth_pairing_failed,8,delivery_delayed_not_received,8,payment_failed_debited,5,app_crash_bug,5,refund_not_credited,3,Delivery & Shipping,Billing & Payments,Returns & Refunds,Connectivity,Other,VA-EB-PL1,VA-SW-NX1,VA-NB-ARC,VA-EB-AIR,VA-SW-FIT,0,0.0,1,2.13,1,2.13,5,10.64,8,17.02,10,26642.0,2,6,13430,2800,26642.0,680,1830,45382.0,False,baseline,Baseline week (no prior week comparison)
2025-W02,2025-01-06,2025-01-12,7,True,54,29,12,6,7,delivery_delayed_not_received,10,payment_failed_debited,9,app_crash_bug,5,audio_distortion_buzzing,4,earbud_not_charging,4,Billing & Payments,Other,Delivery & Shipping,Audio Quality,Connectivity,VA-EB-AIR,VA-EB-PL1,VA-HP-ST3,VA-SW-FIT,VA-NB-ARC,1,1.85,3,5.56,3,5.56,3,5.56,4,7.41,9,19247.0,12,11,14010,1400,19247.0,4080,3355,42092.0,False,normal_variance,Normal operational variance
2025-W03,2025-01-13,2025-01-19,7,True,59,22,26,6,5,delivery_delayed_not_received,12,app_crash_bug,11,payment_failed_debited,9,bluetooth_pairing_failed,6,battery_drain_fast,4,Billing & Payments,Delivery & Shipping,Other,Returns & Refunds,App & Firmware,VA-EB-AIR,VA-EB-PL1,VA-NB-ARC,VA-HP-ST3,VA-HP-ST2,2,3.39,9,15.25,9,15.25,9,15.25,6,10.17,11,22599.0,3,2,15700,2100,22599.0,1020,610,42029.0,False,normal_variance,Normal operational variance
2025-W04,2025-01-20,2025-01-26,7,True,82,35,27,11,9,delivery_delayed_not_received,14,payment_failed_debited,14,unknown,8,bluetooth_pairing_failed,8,refund_not_credited,7,Other,Delivery & Shipping,Billing & Payments,Returns & Refunds,App & Firmware,VA-EB-PL1,VA-EB-AIR,VA-SW-FIT,VA-SW-NX1,VA-HP-ST2,7,8.54,20,24.39,20,24.39,10,12.2,4,4.88,18,49636.0,8,7,22250,1400,49636.0,2720,2135,78141.0,False,normal_variance,Normal operational variance
2025-W05,2025-01-27,2025-02-02,7,True,67,25,20,18,4,delivery_delayed_not_received,16,bluetooth_pairing_failed,8,app_crash_bug,6,refund_not_credited,5,cancellation_request,4,Delivery & Shipping,Other,Returns & Refunds,Connectivity,Billing & Payments,VA-EB-PL1,VA-HP-ST3,VA-NB-ARC,VA-EB-AIR,VA-SP-ORB,5,7.46,17,25.37,17,25.37,7,10.45,8,11.94,11,34124.0,8,9,20770,2800,34124.0,2720,2745,63159.0,False,normal_variance,Normal operational variance
2025-W06,2025-02-03,2025-02-09,7,True,78,35,27,6,10,delivery_delayed_not_received,12,app_crash_bug,10,audio_distortion_buzzing,9,bluetooth_pairing_failed,8,refund_not_credited,6,Delivery & Shipping,Other,Billing & Payments,Audio Quality,Returns & Refunds,VA-EB-PL1,VA-HP-ST3,VA-EB-AIR,VA-SP-ORB,VA-SW-FIT,9,11.54,19,24.36,19,24.36,14,17.95,7,8.97,17,45564.0,7,6,19890,2450,45564.0,2380,1830,72114.0,False,normal_variance,Normal operational variance
2025-W07,2025-02-10,2025-02-16,7,True,68,24,22,11,11,delivery_delayed_not_received,16,payment_failed_debited,11,app_crash_bug,8,hardware_physical_defect,5,unknown,5,Billing & Payments,Delivery & Shipping,Other,Connectivity,Returns & Refunds,VA-EB-PL1,VA-HP-ST3,VA-SW-NX2,VA-EB-AIR,VA-SW-FIT,8,11.76,15,22.06,15,22.06,10,14.71,8,11.76,18,56734.0,6,6,19120,2800,56734.0,2040,1830,82524.0,False,normal_variance,Normal operational variance
2025-W08,2025-02-17,2025-02-23,7,True,83,41,24,12,6,delivery_delayed_not_received,20,bluetooth_pairing_failed,11,earbud_not_charging,8,app_crash_bug,8,payment_failed_debited,7,Delivery & Shipping,Billing & Payments,Other,Returns & Refunds,Connectivity,VA-EB-PL1,VA-EB-AIR,VA-SW-NX2,VA-HP-ST3,VA-SP-ORB,6,7.23,19,22.89,19,22.89,9,10.84,6,7.23,16,56598.0,7,8,22530,2100,56598.0,2380,2440,86048.0,False,normal_variance,Normal operational variance
2025-W09,2025-02-24,2025-03-02,7,True,80,31,26,16,7,delivery_delayed_not_received,14,app_crash_bug,9,bluetooth_pairing_failed,8,unknown,8,cancellation_request,7,Other,Delivery & Shipping,Billing & Payments,Product Enquiry,Charging & Battery,VA-EB-PL1,VA-HP-ST3,VA-EB-AIR,VA-SW-FIT,VA-SW-NX2,8,10.0,23,28.75,23,28.75,14,17.5,6,7.5,16,51043.0,7,3,23270,2100,51043.0,2380,915,79708.0,False,normal_variance,Normal operational variance
2025-W10,2025-03-03,2025-03-09,7,True,96,48,31,7,10,delivery_delayed_not_received,17,app_crash_bug,15,bluetooth_pairing_failed,10,payment_failed_debited,8,unknown,7,Delivery & Shipping,Other,Charging & Battery,Billing & Payments,Returns & Refunds,VA-EB-PL1,VA-EB-AIR,VA-SW-FIT,VA-SW-NX2,VA-NB-ARC,9,9.38,21,21.88,21,21.88,8,8.33,11,11.46,16,42468.0,10,7,24180,3850,42468.0,3400,2135,76033.0,False,normal_variance,Normal operational variance
2025-W11,2025-03-10,2025-03-16,7,True,88,34,29,13,12,delivery_delayed_not_received,17,app_crash_bug,10,payment_failed_debited,10,bluetooth_pairing_failed,10,refund_not_credited,6,Other,Delivery & Shipping,Billing & Payments,Returns & Refunds,App & Firmware,VA-EB-PL1,VA-SW-FIT,VA-SW-NX2,VA-SW-NX1,VA-HP-ST3,13,14.77,26,29.55,26,29.55,15,17.05,7,7.95,18,39802.0,7,10,24320,2450,39802.0,2380,3050,72002.0,True,deterministic_heuristic_flag,Deterministic heuristic flag: Repeat signal surge +8.7 pp (17.05%)
2025-W12,2025-03-17,2025-03-23,7,True,99,37,36,18,8,delivery_delayed_not_received,23,payment_failed_debited,14,app_crash_bug,12,bluetooth_pairing_failed,9,refund_not_credited,7,Delivery & Shipping,Billing & Payments,Other,Returns & Refunds,Connectivity,VA-SW-FIT,VA-SW-NX2,VA-HP-ST3,VA-EB-PL1,VA-SP-MINI,11,11.11,30,30.3,30,30.3,13,13.13,9,9.09,19,68122.0,8,15,28410,3150,68122.0,2720,4575,106977.0,False,normal_variance,Normal operational variance
2025-W13,2025-03-24,2025-03-30,7,True,98,45,36,10,7,delivery_delayed_not_received,20,payment_failed_debited,12,app_crash_bug,11,bluetooth_pairing_failed,10,hardware_physical_defect,6,Delivery & Shipping,Billing & Payments,Other,Connectivity,Returns & Refunds,VA-EB-PL1,VA-SP-MINI,VA-HP-ST3,VA-SW-NX2,VA-HP-ST2,5,5.1,22,22.45,22,22.45,16,16.33,9,9.18,17,72199.0,11,10,25690,3150,72199.0,3740,3050,107829.0,False,normal_variance,Normal operational variance
2025-W14,2025-03-31,2025-04-06,7,True,86,40,33,6,7,delivery_delayed_not_received,13,app_crash_bug,13,payment_failed_debited,10,bluetooth_pairing_failed,9,unknown,8,Delivery & Shipping,Other,Billing & Payments,Connectivity,App & Firmware,VA-EB-PL1,VA-EB-AIR,VA-HP-ST2,VA-HP-ST3,VA-SW-NX2,5,5.81,21,24.42,21,24.42,9,10.47,11,12.79,11,45190.0,4,5,21780,3850,45190.0,1360,1525,73705.0,False,normal_variance,Normal operational variance
2025-W15,2025-04-07,2025-04-13,7,True,80,42,19,12,7,delivery_delayed_not_received,20,bluetooth_pairing_failed,9,audio_distortion_buzzing,7,payment_failed_debited,7,battery_drain_fast,7,Delivery & Shipping,Other,Returns & Refunds,Billing & Payments,Connectivity,VA-EB-PL1,VA-HP-ST3,VA-SW-NX2,VA-SP-MINI,VA-EB-AIR,6,7.5,17,21.25,17,21.25,13,16.25,6,7.5,13,46285.0,8,10,21680,2100,46285.0,2720,3050,75835.0,False,normal_variance,Normal operational variance
2025-W16,2025-04-14,2025-04-20,7,True,91,38,38,11,4,delivery_delayed_not_received,17,payment_failed_debited,15,refund_not_credited,12,app_crash_bug,9,bluetooth_pairing_failed,7,Delivery & Shipping,Billing & Payments,Returns & Refunds,Charging & Battery,Product Enquiry,VA-SW-NX2,VA-SP-MINI,VA-EB-AIR,VA-EB-PL1,VA-HP-ST3,17,18.68,25,27.47,25,27.47,10,10.99,7,7.69,27,97480.0,9,7,24540,2450,97480.0,3060,2135,129665.0,False,normal_variance,Normal operational variance
2025-W17,2025-04-21,2025-04-27,7,True,108,37,39,14,18,delivery_delayed_not_received,27,bluetooth_pairing_failed,14,battery_drain_fast,12,app_crash_bug,12,payment_failed_debited,11,Delivery & Shipping,Connectivity,App & Firmware,Other,Billing & Payments,VA-EB-PL1,VA-HP-ST3,VA-SW-NX2,VA-EB-AIR,VA-HP-ST2,15,13.89,28,25.93,28,25.93,7,6.48,12,11.11,15,65112.0,11,14,29510,4200,65112.0,3740,4270,106832.0,False,normal_variance,Normal operational variance
2025-W18,2025-04-28,2025-05-04,7,True,98,45,24,18,11,delivery_delayed_not_received,18,app_crash_bug,15,bluetooth_pairing_failed,12,payment_failed_debited,7,account_login_issue,7,Other,Delivery & Shipping,Returns & Refunds,Billing & Payments,Connectivity,VA-SW-NX2,VA-EB-PL1,VA-SP-MINI,VA-SP-ORB,VA-HP-ST3,14,14.29,28,28.57,28,28.57,19,19.39,7,7.14,19,48165.0,6,15,27690,2450,48165.0,2040,4575,84920.0,True,deterministic_heuristic_flag,Deterministic heuristic flag: Repeat signal surge +12.9 pp (19.39%)
2025-W19,2025-05-05,2025-05-11,7,True,108,51,32,17,8,delivery_delayed_not_received,22,app_crash_bug,14,payment_failed_debited,13,refund_not_credited,8,hardware_physical_defect,8,Delivery & Shipping,Billing & Payments,Other,Returns & Refunds,Warranty & Repair,VA-SW-NX2,VA-EB-PL1,VA-HP-ST3,VA-SW-FIT,VA-SP-MINI,9,8.33,23,21.3,23,21.3,10,9.26,12,11.11,25,95465.0,18,10,29790,4200,95465.0,6120,3050,138625.0,False,normal_variance,Normal operational variance
2025-W20,2025-05-12,2025-05-18,7,True,89,44,25,13,7,delivery_delayed_not_received,23,app_crash_bug,12,bluetooth_pairing_failed,12,earbud_not_charging,6,payment_failed_debited,6,Delivery & Shipping,Other,Connectivity,Billing & Payments,Charging & Battery,VA-EB-PL1,VA-SP-MINI,VA-SW-NX2,VA-HP-ST3,VA-NB-ARC,16,17.98,30,33.71,30,33.71,6,6.74,6,6.74,6,12741.0,9,7,24180,2100,12741.0,3060,2135,44216.0,False,normal_variance,Normal operational variance
2025-W21,2025-05-19,2025-05-25,7,True,110,53,25,15,17,delivery_delayed_not_received,22,app_crash_bug,17,bluetooth_pairing_failed,9,refund_not_credited,8,payment_failed_debited,8,Delivery & Shipping,Returns & Refunds,Other,App & Firmware,Billing & Payments,VA-EB-PL1,VA-SW-NX2,VA-SP-MINI,VA-EB-AIR,VA-NB-ARC,11,10.0,29,26.36,29,26.36,14,12.73,10,9.09,15,40708.0,16,9,29510,3500,40708.0,5440,2745,81903.0,False,normal_variance,Normal operational variance
2025-W22,2025-05-26,2025-06-01,7,True,107,42,31,21,13,delivery_delayed_not_received,25,bluetooth_pairing_failed,18,payment_failed_debited,14,app_crash_bug,12,refund_not_credited,6,Delivery & Shipping,Billing & Payments,Connectivity,Other,App & Firmware,VA-SW-NX2,VA-EB-PL1,VA-SW-FIT,VA-SP-MINI,VA-HP-ST3,13,12.15,29,27.1,29,27.1,13,12.15,10,9.35,21,74767.0,11,9,30920,3500,74767.0,3740,2745,115672.0,False,normal_variance,Normal operational variance
2025-W23,2025-06-02,2025-06-08,7,True,93,40,26,20,7,delivery_delayed_not_received,15,payment_failed_debited,11,bluetooth_pairing_failed,10,refund_not_credited,8,app_crash_bug,8,Billing & Payments,Delivery & Shipping,Charging & Battery,Returns & Refunds,Other,VA-SW-NX2,VA-EB-PL1,VA-SP-MINI,VA-EB-AIR,VA-SW-FIT,16,17.2,25,26.88,25,26.88,13,13.98,5,5.38,20,57210.0,12,10,27240,1750,57210.0,4080,3050,93330.0,False,normal_variance,Normal operational variance
2025-W24,2025-06-09,2025-06-15,7,True,100,40,29,19,12,delivery_delayed_not_received,23,app_crash_bug,12,payment_failed_debited,9,audio_distortion_buzzing,8,bluetooth_pairing_failed,7,Delivery & Shipping,Billing & Payments,Other,Audio Quality,Charging & Battery,VA-SW-NX2,VA-EB-PL1,VA-SP-MINI,VA-EB-AIR,VA-SP-ORB,13,13.0,26,26.0,26,26.0,10,10.0,12,12.0,13,44097.0,17,15,28700,4200,44097.0,5780,4575,87352.0,False,normal_variance,Normal operational variance
2025-W25,2025-06-16,2025-06-22,7,True,108,52,31,16,9,delivery_delayed_not_received,21,bluetooth_pairing_failed,11,battery_drain_fast,11,app_crash_bug,9,refund_not_credited,8,Delivery & Shipping,Other,Returns & Refunds,Charging & Battery,Connectivity,VA-SW-NX2,VA-SP-MINI,VA-EB-PL1,VA-EB-AIR,VA-HP-ST3,14,12.96,35,32.41,35,32.41,18,16.67,9,8.33,23,74140.0,13,17,29460,3150,74140.0,4420,5185,116355.0,True,deterministic_heuristic_flag,Deterministic heuristic flag: Repeat signal surge +6.7 pp (16.67%)
2025-W26,2025-06-23,2025-06-29,7,True,87,31,25,22,9,delivery_delayed_not_received,18,battery_drain_fast,10,app_crash_bug,10,unknown,7,refund_not_credited,7,Other,Delivery & Shipping,Returns & Refunds,Billing & Payments,Charging & Battery,VA-HP-ST3,VA-EB-PL1,VA-SP-MINI,VA-EB-AIR,VA-SW-NX2,12,13.79,28,32.18,28,32.18,11,12.64,12,13.79,14,42392.0,13,7,26610,4200,42392.0,4420,2135,79757.0,False,normal_variance,Normal operational variance
2025-W27,2025-06-30,2025-07-06,7,True,102,45,32,14,11,bluetooth_pairing_failed,21,delivery_delayed_not_received,16,app_crash_bug,9,payment_failed_debited,8,unknown,8,Other,Product Enquiry,Delivery & Shipping,Connectivity,Audio Quality,VA-SW-NX2,VA-EB-AIR,VA-EB-PL1,VA-HP-ST3,VA-SW-FIT,8,7.84,27,26.47,27,26.47,8,7.84,9,8.82,9,24726.0,17,13,27690,3150,24726.0,5780,3965,65311.0,False,normal_variance,Normal operational variance
2025-W28,2025-07-07,2025-07-13,7,True,94,41,29,13,11,delivery_delayed_not_received,17,app_crash_bug,13,payment_failed_debited,12,bluetooth_pairing_failed,12,battery_drain_fast,11,Delivery & Shipping,Billing & Payments,Other,Charging & Battery,Connectivity,VA-SW-NX2,VA-EB-PL1,VA-EB-AIR,VA-HP-ST3,VA-SP-MINI,11,11.7,20,21.28,20,21.28,10,10.64,7,7.45,18,54848.0,8,10,25550,2450,54848.0,2720,3050,88618.0,False,normal_variance,Normal operational variance
2025-W29,2025-07-14,2025-07-20,7,True,101,42,38,14,7,bluetooth_pairing_failed,17,app_crash_bug,14,delivery_delayed_not_received,13,payment_failed_debited,9,refund_not_credited,8,Billing & Payments,Delivery & Shipping,Other,Connectivity,App & Firmware,VA-EB-PL1,VA-SW-NX2,VA-HP-ST3,VA-NB-ARC,VA-HP-ST2,9,8.91,34,33.66,34,33.66,11,10.89,13,12.87,18,43842.0,11,13,27660,4550,43842.0,3740,3965,83757.0,False,normal_variance,Normal operational variance
2025-W30,2025-07-21,2025-07-27,7,True,114,49,40,11,14,app_crash_bug,24,delivery_delayed_not_received,13,earbud_not_charging,12,bluetooth_pairing_failed,11,payment_failed_debited,11,Other,Billing & Payments,Delivery & Shipping,Returns & Refunds,Warranty & Repair,VA-EB-PL1,VA-EB-PL2,VA-SW-NX2,VA-HP-ST3,VA-SW-FIT,10,8.77,22,19.3,22,19.3,14,12.28,11,9.65,21,51439.0,18,15,29770,3850,51439.0,6120,4575,95754.0,False,normal_variance,Normal operational variance
2025-W31,2025-07-28,2025-08-03,7,True,130,52,37,23,18,delivery_delayed_not_received,28,bluetooth_pairing_failed,24,payment_failed_debited,15,refund_not_credited,15,unknown,7,Delivery & Shipping,Returns & Refunds,Billing & Payments,Connectivity,Other,VA-EB-PL2,VA-EB-PL1,VA-SP-MINI,VA-EB-AIR,VA-SW-NX2,18,13.85,35,26.92,35,26.92,12,9.23,6,4.62,27,76388.0,10,14,36820,2100,76388.0,3400,4270,122978.0,False,normal_variance,Normal operational variance
2025-W32,2025-08-04,2025-08-10,7,True,124,52,47,15,10,delivery_delayed_not_received,23,bluetooth_pairing_failed,22,app_crash_bug,19,payment_failed_debited,13,hardware_physical_defect,8,Delivery & Shipping,Other,Billing & Payments,Connectivity,Returns & Refunds,VA-EB-PL2,VA-EB-PL1,VA-SW-NX2,VA-SP-MINI,VA-EB-AIR,13,10.48,31,25.0,31,25.0,14,11.29,11,8.87,25,72529.0,11,10,33340,3850,72529.0,3740,3050,116509.0,False,normal_variance,Normal operational variance
2025-W33,2025-08-11,2025-08-17,7,True,172,82,47,30,13,delivery_delayed_not_received,33,app_crash_bug,25,payment_failed_debited,22,bluetooth_pairing_failed,19,refund_not_credited,13,Delivery & Shipping,Billing & Payments,Other,Returns & Refunds,Connectivity,VA-EB-PL2,VA-SW-NX2,VA-HP-ST3,VA-SP-MINI,VA-EB-PL1,15,8.72,41,23.84,41,23.84,24,13.95,22,12.79,33,93618.0,15,11,48160,7700,93618.0,5100,3355,157933.0,True,deterministic_heuristic_flag,Deterministic heuristic flag: Volume surge +38.7% (+48 tickets)
2025-W34,2025-08-18,2025-08-24,7,True,153,65,50,27,11,delivery_delayed_not_received,22,bluetooth_pairing_failed,20,app_crash_bug,19,payment_failed_debited,19,general_product_inquiry,10,Delivery & Shipping,Billing & Payments,Other,Connectivity,Product Enquiry,VA-EB-PL2,VA-SW-NX2,VA-EB-PL1,VA-HP-ST3,VA-EB-AIR,19,12.42,44,28.76,44,28.76,25,16.34,9,5.88,30,98154.0,9,13,43330,3150,98154.0,3060,3965,151659.0,False,normal_variance,Normal operational variance
2025-W35,2025-08-25,2025-08-31,7,True,171,83,53,20,15,delivery_delayed_not_received,34,app_crash_bug,26,payment_failed_debited,19,bluetooth_pairing_failed,19,refund_not_credited,16,Billing & Payments,Delivery & Shipping,Other,Returns & Refunds,Connectivity,VA-EB-PL2,VA-EB-PL1,VA-SW-NX2,VA-SW-FIT,VA-EB-AIR,17,9.94,48,28.07,48,28.07,23,13.45,16,9.36,31,76552.0,13,18,45210,5600,76552.0,4420,5490,137272.0,False,normal_variance,Normal operational variance
2025-W36,2025-09-01,2025-09-07,7,True,182,85,61,18,18,delivery_delayed_not_received,41,bluetooth_pairing_failed,25,payment_failed_debited,15,app_crash_bug,15,battery_drain_fast,14,Delivery & Shipping,Other,Billing & Payments,Connectivity,Returns & Refunds,VA-EB-PL2,VA-EB-PL1,VA-SW-NX2,VA-EB-AIR,VA-SP-MINI,23,12.64,57,31.32,57,31.32,26,14.29,13,7.14,33,100847.0,18,12,47390,4550,100847.0,6120,3660,162567.0,False,normal_variance,Normal operational variance
2025-W37,2025-09-08,2025-09-14,7,True,184,78,54,34,18,delivery_delayed_not_received,29,app_crash_bug,29,payment_failed_debited,20,bluetooth_pairing_failed,17,refund_not_credited,16,Billing & Payments,Delivery & Shipping,Returns & Refunds,Other,Warranty & Repair,VA-EB-PL2,VA-EB-PL1,VA-SW-NX2,VA-EB-AIR,VA-HP-ST3,22,11.96,48,26.09,48,26.09,31,16.85,19,10.33,41,99928.0,15,11,52420,6650,99928.0,5100,3355,167453.0,False,normal_variance,Normal operational variance
2025-W38,2025-09-15,2025-09-21,7,True,153,62,53,20,18,delivery_delayed_not_received,26,app_crash_bug,21,bluetooth_pairing_failed,21,payment_failed_debited,18,battery_drain_fast,10,Delivery & Shipping,Other,Billing & Payments,Connectivity,App & Firmware,VA-EB-PL2,VA-EB-PL1,VA-SW-NX2,VA-EB-AIR,VA-SP-MINI,14,9.15,43,28.1,43,28.1,13,8.5,22,14.38,27,53766.0,15,16,41520,7700,53766.0,5100,4880,112966.0,False,normal_variance,Normal operational variance
2025-W39,2025-09-22,2025-09-28,7,True,167,83,43,26,15,bluetooth_pairing_failed,28,delivery_delayed_not_received,28,payment_failed_debited,19,app_crash_bug,13,earbud_not_charging,11,Billing & Payments,Other,Delivery & Shipping,Connectivity,Warranty & Repair,VA-EB-PL2,VA-EB-PL1,VA-SW-NX2,VA-EB-AIR,VA-SP-MINI,22,13.17,56,33.53,56,33.53,15,8.98,7,4.19,30,78580.0,15,14,45730,2450,78580.0,5100,4270,136130.0,False,normal_variance,Normal operational variance
2025-W40,2025-09-29,2025-10-05,7,True,169,78,49,26,16,app_crash_bug,26,delivery_delayed_not_received,25,payment_failed_debited,20,bluetooth_pairing_failed,18,battery_drain_fast,13,Billing & Payments,Delivery & Shipping,Other,Connectivity,Returns & Refunds,VA-EB-PL2,VA-SW-NX2,VA-HP-ST3,VA-EB-PL1,VA-SW-FIT,26,15.38,49,28.99,49,28.99,16,9.47,19,11.24,38,100456.0,18,24,46480,6650,100456.0,6120,7320,167026.0,False,normal_variance,Normal operational variance
2025-W41,2025-10-06,2025-10-12,7,True,203,96,67,18,22,delivery_delayed_not_received,36,payment_failed_debited,33,bluetooth_pairing_failed,25,app_crash_bug,20,refund_not_credited,19,Billing & Payments,Delivery & Shipping,Other,Returns & Refunds,Connectivity,VA-EB-PL2,VA-SP-MINI,VA-EB-PL1,VA-HP-ST3,VA-SW-NX2,21,10.34,46,22.66,46,22.66,23,11.33,17,8.37,44,117566.0,16,16,52220,5950,117566.0,5440,4880,186056.0,True,deterministic_heuristic_flag,Deterministic heuristic flag: Volume surge +20.1% (+34 tickets)
2025-W42,2025-10-13,2025-10-19,7,True,216,99,61,36,20,delivery_delayed_not_received,48,bluetooth_pairing_failed,21,payment_failed_debited,20,app_crash_bug,16,refund_not_credited,16,Delivery & Shipping,Other,Billing & Payments,Returns & Refunds,Charging & Battery,VA-EB-PL2,VA-SW-NX2,VA-EB-PL1,VA-SP-MINI,VA-SW-FIT,26,12.04,56,25.93,56,25.93,30,13.89,22,10.19,42,95744.0,32,13,60170,7700,95744.0,10880,3965,178459.0,False,normal_variance,Normal operational variance
2025-W43,2025-10-20,2025-10-26,7,True,215,90,84,24,17,delivery_delayed_not_received,36,app_crash_bug,31,payment_failed_debited,29,refund_not_credited,21,bluetooth_pairing_failed,16,Billing & Payments,Returns & Refunds,Other,Delivery & Shipping,Connectivity,VA-EB-PL2,VA-SW-NX2,VA-SP-MINI,VA-EB-AIR,VA-SW-FIT,28,13.02,66,30.7,66,30.7,24,11.16,17,7.91,47,126648.0,10,19,57300,5950,126648.0,3400,5795,199093.0,False,normal_variance,Normal operational variance
2025-W44,2025-10-27,2025-11-02,7,True,224,96,77,32,19,delivery_delayed_not_received,45,app_crash_bug,30,payment_failed_debited,23,refund_not_credited,20,battery_drain_fast,20,Delivery & Shipping,Other,Billing & Payments,Returns & Refunds,Charging & Battery,VA-EB-PL2,VA-SW-NX2,VA-EB-PL1,VA-EB-AIR,VA-SW-FIT,25,11.16,59,26.34,59,26.34,32,14.29,16,7.14,38,94295.0,19,18,61380,5600,94295.0,6460,5490,173225.0,False,normal_variance,Normal operational variance
2025-W45,2025-11-03,2025-11-09,7,True,228,86,93,26,23,delivery_delayed_not_received,35,app_crash_bug,32,payment_failed_debited,23,bluetooth_pairing_failed,20,account_login_issue,18,Delivery & Shipping,Other,Billing & Payments,Returns & Refunds,Charging & Battery,VA-EB-PL2,VA-EB-PL1,VA-EB-AIR,VA-SW-NX2,VA-SW-FIT,29,12.72,67,29.39,67,29.39,24,10.53,22,9.65,33,83070.0,25,13,61280,7700,83070.0,8500,3965,164515.0,False,normal_variance,Normal operational variance
2025-W46,2025-11-10,2025-11-16,7,True,213,93,78,23,19,delivery_delayed_not_received,45,app_crash_bug,29,bluetooth_pairing_failed,27,refund_not_credited,21,payment_failed_debited,19,Delivery & Shipping,Returns & Refunds,Other,Billing & Payments,Connectivity,VA-EB-PL2,VA-SW-NX2,VA-SP-MINI,VA-EB-PL1,VA-EB-AIR,21,9.86,57,26.76,57,26.76,33,15.49,13,6.1,44,122926.0,17,22,56330,4550,122926.0,5780,6710,196296.0,False,normal_variance,Normal operational variance
2025-W47,2025-11-17,2025-11-23,7,True,240,99,77,36,28,delivery_delayed_not_received,40,payment_failed_debited,36,bluetooth_pairing_failed,23,app_crash_bug,21,battery_drain_fast,18,Billing & Payments,Delivery & Shipping,Other,Charging & Battery,Connectivity,VA-EB-PL2,VA-EB-AIR,VA-EB-PL1,VA-SW-NX2,VA-SW-FIT,27,11.25,66,27.5,66,27.5,41,17.08,22,9.17,37,101040.0,29,23,66250,7700,101040.0,9860,7015,191865.0,False,normal_variance,Normal operational variance
2025-W48,2025-11-24,2025-11-30,7,True,232,94,69,38,31,delivery_delayed_not_received,46,app_crash_bug,31,bluetooth_pairing_failed,26,refund_not_credited,21,battery_drain_fast,16,Delivery & Shipping,Other,Billing & Payments,Returns & Refunds,Charging & Battery,VA-EB-PL2,VA-EB-PL1,VA-SW-NX2,VA-EB-AIR,VA-HP-ST3,34,14.66,63,27.16,63,27.16,39,16.81,21,9.05,51,126631.0,20,14,64880,7350,126631.0,6800,4270,209931.0,False,normal_variance,Normal operational variance
2025-W49,2025-12-01,2025-12-07,7,True,230,95,78,39,18,delivery_delayed_not_received,53,app_crash_bug,35,bluetooth_pairing_failed,27,payment_failed_debited,18,audio_distortion_buzzing,18,Delivery & Shipping,Other,Returns & Refunds,Connectivity,Audio Quality,VA-EB-PL2,VA-EB-PL1,VA-HP-ST3,VA-SW-NX2,VA-EB-AIR,32,13.91,71,30.87,71,30.87,28,12.17,16,6.96,35,115730.0,26,30,64830,5600,115730.0,8840,9150,204150.0,False,normal_variance,Normal operational variance
2025-W50,2025-12-08,2025-12-14,7,True,197,94,42,31,30,delivery_delayed_not_received,28,app_crash_bug,28,payment_failed_debited,19,refund_not_credited,19,bluetooth_pairing_failed,17,Billing & Payments,Delivery & Shipping,Other,Charging & Battery,Audio Quality,VA-EB-PL2,VA-HP-ST3,VA-EB-PL1,VA-EB-AIR,VA-SW-NX2,24,12.18,59,29.95,59,29.95,26,13.2,15,7.61,27,66370.0,28,23,53980,5250,66370.0,9520,7015,142135.0,False,normal_variance,Normal operational variance
2025-W51,2025-12-15,2025-12-21,7,True,206,102,57,26,21,app_crash_bug,33,delivery_delayed_not_received,22,bluetooth_pairing_failed,21,payment_failed_debited,21,refund_not_credited,18,Other,Billing & Payments,Returns & Refunds,Delivery & Shipping,App & Firmware,VA-EB-PL2,VA-EB-PL1,VA-SW-NX2,VA-HP-ST3,VA-EB-AIR,33,16.02,65,31.55,65,31.55,29,14.08,22,10.68,42,116233.0,12,19,54800,7700,116233.0,4080,5795,188608.0,False,normal_variance,Normal operational variance
2025-W52,2025-12-22,2025-12-28,7,True,196,78,70,37,11,delivery_delayed_not_received,32,bluetooth_pairing_failed,27,app_crash_bug,27,payment_failed_debited,20,battery_drain_fast,17,Delivery & Shipping,Billing & Payments,Other,Charging & Battery,Connectivity,VA-EB-PL2,VA-SW-NX2,VA-EB-PL1,VA-SP-MINI,VA-SW-FIT,21,10.71,54,27.55,54,27.55,28,14.29,16,8.16,22,63701.0,15,21,56460,5600,63701.0,5100,6405,137266.0,False,normal_variance,Normal operational variance
2026-W01,2025-12-29,2026-01-04,7,True,177,83,45,31,18,delivery_delayed_not_received,34,bluetooth_pairing_failed,22,app_crash_bug,22,payment_failed_debited,15,battery_drain_fast,13,Delivery & Shipping,Other,Billing & Payments,Returns & Refunds,Connectivity,VA-EB-PL2,VA-EB-PL1,VA-SP-MINI,VA-EB-AIR,VA-SW-NX2,26,14.69,53,29.94,53,29.94,23,12.99,14,7.91,28,75056.0,15,18,49570,4900,75056.0,5100,5490,140116.0,False,normal_variance,Normal operational variance
2026-W02,2026-01-05,2026-01-11,7,True,200,67,58,42,33,app_crash_bug,35,delivery_delayed_not_received,32,bluetooth_pairing_failed,19,payment_failed_debited,19,battery_drain_fast,14,Delivery & Shipping,Other,Billing & Payments,Charging & Battery,App & Firmware,VA-EB-PL2,VA-EB-PL1,VA-SW-NX2,VA-HP-ST3,VA-SP-MINI,17,8.5,45,22.5,45,22.5,16,8.0,14,7.0,40,140724.0,22,30,58910,4900,140724.0,7480,9150,221164.0,False,normal_variance,Normal operational variance
2026-W03,2026-01-12,2026-01-18,7,True,198,83,71,25,19,app_crash_bug,36,delivery_delayed_not_received,27,payment_failed_debited,20,bluetooth_pairing_failed,20,battery_drain_fast,18,Delivery & Shipping,Billing & Payments,Other,Charging & Battery,Connectivity,VA-EB-PL2,VA-EB-PL1,VA-SW-NX2,VA-EB-AIR,VA-HP-ST3,23,11.62,51,25.76,51,25.76,24,12.12,14,7.07,35,98401.0,17,16,53450,4900,98401.0,5780,4880,167411.0,False,normal_variance,Normal operational variance
2026-W04,2026-01-19,2026-01-25,7,True,196,93,58,33,12,bluetooth_pairing_failed,32,app_crash_bug,28,delivery_delayed_not_received,28,refund_not_credited,18,battery_drain_fast,14,Connectivity,Delivery & Shipping,Returns & Refunds,Other,Billing & Payments,VA-EB-PL2,VA-SW-NX2,VA-EB-AIR,VA-EB-PL1,VA-SP-MINI,35,17.86,61,31.12,61,31.12,23,11.73,24,12.24,32,82978.0,19,19,54650,8400,82978.0,6460,5795,158283.0,False,normal_variance,Normal operational variance
2026-W05,2026-01-26,2026-02-01,7,True,188,79,65,20,24,delivery_delayed_not_received,30,app_crash_bug,23,bluetooth_pairing_failed,21,battery_drain_fast,18,unknown,14,Delivery & Shipping,Other,Charging & Battery,Billing & Payments,Connectivity,VA-EB-PL2,VA-EB-PL1,VA-SP-MINI,VA-EB-AIR,VA-SW-NX2,29,15.43,57,30.32,57,30.32,25,13.3,15,7.98,33,89471.0,24,18,49650,5250,89471.0,8160,5490,158021.0,False,normal_variance,Normal operational variance
2026-W06,2026-02-02,2026-02-08,7,True,180,79,49,32,20,delivery_delayed_not_received,29,app_crash_bug,25,payment_failed_debited,20,bluetooth_pairing_failed,20,refund_not_credited,13,Delivery & Shipping,Other,Billing & Payments,App & Firmware,Returns & Refunds,VA-EB-PL2,VA-EB-PL1,VA-SP-MINI,VA-SW-NX2,VA-EB-AIR,22,12.22,47,26.11,47,26.11,16,8.89,13,7.22,27,90106.0,13,17,50770,4550,90106.0,4420,5185,155031.0,False,normal_variance,Normal operational variance
2026-W07,2026-02-09,2026-02-15,7,True,178,85,48,27,18,delivery_delayed_not_received,29,payment_failed_debited,23,bluetooth_pairing_failed,22,app_crash_bug,16,refund_not_credited,14,Delivery & Shipping,Billing & Payments,Other,Connectivity,Returns & Refunds,VA-EB-PL2,VA-EB-PL1,VA-SW-NX2,VA-SP-MINI,VA-SP-ORB,23,12.92,52,29.21,52,29.21,17,9.55,12,6.74,41,115208.0,16,13,48690,4200,115208.0,5440,3965,177503.0,False,normal_variance,Normal operational variance
2026-W08,2026-02-16,2026-02-22,7,True,190,80,67,26,17,delivery_delayed_not_received,34,bluetooth_pairing_failed,27,app_crash_bug,20,payment_failed_debited,17,refund_not_credited,15,Delivery & Shipping,Other,Connectivity,Returns & Refunds,Billing & Payments,VA-EB-PL2,VA-EB-PL1,VA-SW-NX2,VA-SW-FIT,VA-EB-AIR,7,3.68,40,21.05,40,21.05,24,12.63,16,8.42,38,119220.0,21,21,51820,5600,119220.0,7140,6405,190185.0,False,normal_variance,Normal operational variance
2026-W09,2026-02-23,2026-03-01,7,True,204,90,67,26,21,delivery_delayed_not_received,32,bluetooth_pairing_failed,26,app_crash_bug,24,payment_failed_debited,19,audio_distortion_buzzing,15,Delivery & Shipping,Billing & Payments,Connectivity,Other,Charging & Battery,VA-EB-PL2,VA-SP-MINI,VA-EB-PL1,VA-EB-AIR,VA-SW-NX2,28,13.73,62,30.39,62,30.39,24,11.76,17,8.33,32,96485.0,31,19,54880,5950,96485.0,10540,5795,173650.0,False,normal_variance,Normal operational variance
2026-W10,2026-03-02,2026-03-08,7,True,184,78,60,27,19,bluetooth_pairing_failed,28,delivery_delayed_not_received,27,app_crash_bug,23,payment_failed_debited,22,refund_not_credited,15,Billing & Payments,Connectivity,Other,Delivery & Shipping,Returns & Refunds,VA-EB-PL2,VA-EB-PL1,VA-SW-NX2,VA-HP-ST3,VA-SW-FIT,19,10.33,50,27.17,50,27.17,20,10.87,18,9.78,30,83782.0,16,19,50580,6300,83782.0,5440,5795,151897.0,False,normal_variance,Normal operational variance
2026-W11,2026-03-09,2026-03-15,7,True,201,87,68,24,22,app_crash_bug,30,delivery_delayed_not_received,29,bluetooth_pairing_failed,26,account_login_issue,15,earbud_not_charging,14,Delivery & Shipping,Other,Billing & Payments,Connectivity,Audio Quality,VA-EB-PL2,VA-EB-PL1,VA-EB-AIR,VA-HP-ST3,VA-SW-NX2,37,18.41,65,32.34,65,32.34,21,10.45,16,7.96,27,65334.0,26,31,53710,5600,65334.0,8840,9455,142939.0,False,normal_variance,Normal operational variance
2026-W12,2026-03-16,2026-03-22,7,True,184,76,61,22,25,app_crash_bug,27,bluetooth_pairing_failed,25,delivery_delayed_not_received,24,payment_failed_debited,19,battery_drain_fast,16,Other,Delivery & Shipping,Billing & Payments,Charging & Battery,Connectivity,VA-EB-PL2,VA-SW-NX2,VA-EB-PL1,VA-EB-AIR,VA-NB-ARC,28,15.22,61,33.15,61,33.15,16,8.7,20,10.87,33,82131.0,18,19,49260,7000,82131.0,6120,5795,150306.0,False,normal_variance,Normal operational variance
2026-W13,2026-03-23,2026-03-29,7,True,194,78,60,28,28,delivery_delayed_not_received,29,app_crash_bug,28,bluetooth_pairing_failed,23,battery_drain_fast,19,payment_failed_debited,18,Billing & Payments,Delivery & Shipping,Returns & Refunds,Connectivity,Charging & Battery,VA-EB-PL2,VA-EB-PL1,VA-EB-AIR,VA-SP-MINI,VA-HP-ST3,24,12.37,53,27.32,53,27.32,24,12.37,17,8.76,42,90556.0,19,25,53260,5950,90556.0,6460,7625,163851.0,False,normal_variance,Normal operational variance
2026-W14,2026-03-30,2026-04-05,7,True,190,86,55,25,24,app_crash_bug,34,delivery_delayed_not_received,32,bluetooth_pairing_failed,27,refund_not_credited,16,account_login_issue,12,Delivery & Shipping,Billing & Payments,Connectivity,Other,App & Firmware,VA-EB-PL2,VA-EB-AIR,VA-EB-PL1,VA-SW-NX2,VA-SP-MINI,17,8.95,53,27.89,53,27.89,17,8.95,15,7.89,34,78673.0,19,18,51120,5250,78673.0,6460,5490,146993.0,False,normal_variance,Normal operational variance
2026-W15,2026-04-06,2026-04-12,7,True,203,88,77,24,14,delivery_delayed_not_received,44,bluetooth_pairing_failed,25,refund_not_credited,18,app_crash_bug,17,payment_failed_debited,16,Delivery & Shipping,Other,Connectivity,Billing & Payments,Returns & Refunds,VA-EB-PL2,VA-EB-PL1,VA-SW-NX2,VA-EB-AIR,VA-HP-ST3,21,10.34,50,24.63,50,24.63,35,17.24,17,8.37,35,109224.0,25,18,54340,5950,109224.0,8500,5490,183504.0,True,deterministic_heuristic_flag,Deterministic heuristic flag: Repeat signal surge +8.3 pp (17.24%)
2026-W16,2026-04-13,2026-04-19,7,True,201,85,60,32,24,delivery_delayed_not_received,37,app_crash_bug,30,payment_failed_debited,24,bluetooth_pairing_failed,16,battery_drain_fast,14,Delivery & Shipping,Other,Billing & Payments,App & Firmware,Returns & Refunds,VA-EB-PL2,VA-HP-ST3,VA-EB-PL1,VA-EB-AIR,VA-SW-NX2,26,12.94,55,27.36,55,27.36,27,13.43,12,5.97,36,98142.0,24,19,55850,4200,98142.0,8160,5795,172147.0,False,normal_variance,Normal operational variance
2026-W17,2026-04-20,2026-04-26,7,True,189,84,63,21,21,delivery_delayed_not_received,38,bluetooth_pairing_failed,29,app_crash_bug,18,payment_failed_debited,17,audio_distortion_buzzing,13,Delivery & Shipping,Other,Connectivity,Billing & Payments,Audio Quality,VA-EB-PL2,VA-EB-AIR,VA-SP-MINI,VA-SW-NX2,VA-HP-ST3,26,13.76,55,29.1,55,29.1,25,13.23,15,7.94,23,48428.0,24,8,49980,5250,48428.0,8160,2440,114258.0,False,normal_variance,Normal operational variance
2026-W18,2026-04-27,2026-05-03,7,True,174,78,46,33,17,delivery_delayed_not_received,33,app_crash_bug,28,payment_failed_debited,21,bluetooth_pairing_failed,16,audio_distortion_buzzing,11,Delivery & Shipping,Billing & Payments,Other,Returns & Refunds,Charging & Battery,VA-EB-PL2,VA-EB-PL1,VA-EB-AIR,VA-HP-ST3,VA-SP-MINI,24,13.79,56,32.18,56,32.18,19,10.92,19,10.92,23,71084.0,11,22,49580,6650,71084.0,3740,6710,137764.0,False,normal_variance,Normal operational variance
2026-W19,2026-05-04,2026-05-10,7,True,157,67,54,21,15,app_crash_bug,29,delivery_delayed_not_received,27,payment_failed_debited,18,bluetooth_pairing_failed,16,battery_drain_fast,12,Delivery & Shipping,Billing & Payments,Other,App & Firmware,Connectivity,VA-EB-PL2,VA-SW-NX2,VA-EB-PL1,VA-HP-ST3,VA-EB-AIR,25,15.92,55,35.03,55,35.03,18,11.46,13,8.28,27,84562.0,14,13,42630,4550,84562.0,4760,3965,140467.0,False,normal_variance,Normal operational variance
2026-W20,2026-05-11,2026-05-17,7,True,231,95,88,28,20,delivery_delayed_not_received,49,app_crash_bug,29,bluetooth_pairing_failed,24,payment_failed_debited,21,battery_drain_fast,15,Delivery & Shipping,Other,Billing & Payments,Returns & Refunds,Connectivity,VA-EB-PL2,VA-SW-NX2,VA-SP-MINI,VA-EB-PL1,VA-EB-AIR,23,9.96,56,24.24,56,24.24,18,7.79,19,8.23,37,97481.0,32,23,62190,6650,97481.0,10880,7015,184216.0,True,deterministic_heuristic_flag,Deterministic heuristic flag: Volume surge +47.1% (+74 tickets)
2026-W21,2026-05-18,2026-05-24,7,True,204,95,64,30,15,delivery_delayed_not_received,41,bluetooth_pairing_failed,30,app_crash_bug,21,payment_failed_debited,18,battery_drain_fast,18,Delivery & Shipping,Other,Billing & Payments,Connectivity,Charging & Battery,VA-EB-PL2,VA-EB-PL1,VA-SW-NX2,VA-EB-AIR,VA-SP-MINI,24,11.76,49,24.02,49,24.02,29,14.22,20,9.8,32,87979.0,19,15,55790,7000,87979.0,6460,4575,161804.0,True,deterministic_heuristic_flag,Deterministic heuristic flag: Repeat signal surge +6.4 pp (14.22%)
2026-W22,2026-05-25,2026-05-31,7,True,186,70,71,26,19,delivery_delayed_not_received,45,app_crash_bug,24,bluetooth_pairing_failed,20,payment_failed_debited,14,battery_drain_fast,12,Delivery & Shipping,Other,App & Firmware,Billing & Payments,Connectivity,VA-EB-PL2,VA-SW-NX2,VA-EB-AIR,VA-EB-PL1,VA-HP-ST3,19,10.22,51,27.42,51,27.42,17,9.14,24,12.9,22,73937.0,17,26,51240,8400,73937.0,5780,7930,147287.0,False,normal_variance,Normal operational variance
2026-W23,2026-06-01,2026-06-07,7,True,171,80,59,18,14,delivery_delayed_not_received,30,app_crash_bug,26,bluetooth_pairing_failed,16,refund_not_credited,14,payment_failed_debited,12,Delivery & Shipping,Other,Returns & Refunds,Audio Quality,Charging & Battery,VA-EB-PL2,VA-SW-NX2,VA-EB-PL1,VA-EB-AIR,VA-HP-ST3,26,15.2,58,33.92,58,33.92,22,12.87,15,8.77,26,73729.0,16,12,44860,5250,73729.0,5440,3660,132939.0,False,normal_variance,Normal operational variance
2026-W24,2026-06-08,2026-06-14,7,True,203,88,67,25,23,delivery_delayed_not_received,40,bluetooth_pairing_failed,25,app_crash_bug,25,refund_not_credited,13,audio_distortion_buzzing,13,Delivery & Shipping,Other,Audio Quality,Returns & Refunds,Warranty & Repair,VA-EB-PL2,VA-EB-PL1,VA-HP-ST3,VA-SW-NX2,VA-EB-AIR,22,10.84,58,28.57,58,28.57,27,13.3,21,10.34,30,77355.0,21,20,54420,7350,77355.0,7140,6100,152365.0,False,normal_variance,Normal operational variance
2026-W25,2026-06-15,2026-06-21,7,True,167,78,50,21,18,delivery_delayed_not_received,30,bluetooth_pairing_failed,23,app_crash_bug,18,payment_failed_debited,14,account_login_issue,13,Delivery & Shipping,Other,Connectivity,Billing & Payments,Charging & Battery,VA-EB-PL2,VA-SW-NX2,VA-EB-PL1,VA-EB-AIR,VA-SP-MINI,19,11.38,44,26.35,44,26.35,22,13.17,19,11.38,39,119834.0,14,21,44620,6650,119834.0,4760,6405,182269.0,False,normal_variance,Normal operational variance
2026-W26,2026-06-22,2026-06-28,7,True,199,94,68,24,13,delivery_delayed_not_received,38,battery_drain_fast,25,app_crash_bug,20,bluetooth_pairing_failed,19,refund_not_credited,15,Delivery & Shipping,Charging & Battery,Other,Returns & Refunds,Billing & Payments,VA-EB-PL2,VA-SW-NX2,VA-HP-ST3,VA-EB-PL1,VA-EB-AIR,23,11.56,67,33.67,67,33.67,20,10.05,15,7.54,30,125797.0,24,21,53020,5250,125797.0,8160,6405,198632.0,False,normal_variance,Normal operational variance
2026-W27,2026-06-29,2026-06-30,2,False,46,14,16,9,7,app_crash_bug,9,refund_not_credited,5,payment_failed_debited,5,cancellation_request,4,bluetooth_pairing_failed,4,Other,Billing & Payments,Returns & Refunds,Delivery & Shipping,App & Firmware,VA-EB-PL2,VA-EB-AIR,VA-EB-PL1,VA-SW-FIT,VA-SW-NX1,6,13.04,13,28.26,13,28.26,3,6.52,2,4.35,12,33085.0,0,8,13460,700,33085.0,0,2440,49685.0,False,normal_variance,Normal operational variance
